ppg,t
18079,calm
18085,calm
18084,calm
18108,calm
18132,calm
18161,calm
18192,calm
18192,calm
18212,calm
18182,calm
18181,calm
18154,calm
18138,calm
18136,calm
18137,calm
18153,calm
18172,calm
18193,calm
18192,calm
18212,calm
18234,calm
18251,calm
18213,calm
18172,calm
18171,calm
18148,calm
18130,calm
18121,calm
18123,calm
18134,calm
18145,calm
18168,calm
18190,calm
18190,calm
18205,calm
18205,calm
18170,calm
18140,calm
18125,calm
18120,calm
18126,calm
18138,calm
18150,calm
18169,calm
18190,calm
18190,calm
18212,calm
18222,calm
18221,calm
18177,calm
18138,calm
18114,calm
18095,calm
18095,calm
18094,calm
18104,calm
18118,calm
18135,calm
18153,calm
18172,calm
18170,calm
18115,calm
18114,calm
18072,calm
18044,calm
18019,calm
18018,calm
18017,calm
18016,calm
18029,calm
18040,calm
18059,calm
18039,calm
18039,calm
17988,calm
17942,calm
17941,calm
17920,calm
17911,calm
17914,calm
17919,calm
17932,calm
17946,calm
17946,calm
17968,calm
17962,calm
17961,calm
17909,calm
17908,calm
17878,calm
17859,calm
17857,calm
17863,calm
17876,calm
17895,calm
17920,calm
17919,calm
17942,calm
17968,calm
17951,calm
17903,calm
17903,calm
17872,calm
17856,calm
17851,calm
17855,calm
17862,calm
17878,calm
17898,calm
17917,calm
17916,calm
17941,calm
17909,calm
17909,calm
17878,calm
17864,calm
17854,calm
17852,calm
17860,calm
17876,calm
17893,calm
17915,calm
17914,calm
17938,calm
17914,calm
17914,calm
17877,calm
17856,calm
17848,calm
17845,calm
17856,calm
17869,calm
17885,calm
17910,calm
17936,calm
17936,calm
17964,calm
17978,calm
17940,calm
17940,calm
17897,calm
17875,calm
17860,calm
17857,calm
17861,calm
17873,calm
17887,calm
17909,calm
17930,calm
17930,calm
17958,calm
17984,calm
17961,calm
17919,calm
17918,calm
17889,calm
17873,calm
17867,calm
17873,calm
17885,calm
17902,calm
17926,calm
17950,calm
17950,calm
17978,calm
18010,calm
18037,calm
17989,calm
17959,calm
17945,calm
17941,calm
17945,calm
17956,calm
17974,calm
17995,calm
18021,calm
18020,calm
18053,calm
18086,calm
18120,calm
18138,calm
18122,calm
18104,calm
18087,calm
18083,calm
18085,calm
18094,calm
18107,calm
18126,calm
18126,calm
18148,calm
18173,calm
18198,calm
18228,calm
18227,calm
18242,calm
18225,calm
18225,calm
18207,calm
18203,calm
18201,calm
18208,calm
18220,calm
18220,calm
18239,calm
18259,calm
18282,calm
18308,calm
18333,calm
18333,calm
18348,calm
18332,calm
18314,calm
18314,calm
18305,calm
18299,calm
18299,calm
18307,calm
18316,calm
18316,calm
18331,calm
18350,calm
18371,calm
18394,calm
18418,calm
18430,calm
18408,calm
18387,calm
18362,calm
18344,calm
18330,calm
18325,calm
18323,calm
18328,calm
18335,calm
18348,calm
18359,calm
18372,calm
18387,calm
18404,calm
18415,calm
18388,calm
18350,calm
18309,calm
18308,calm
18281,calm
18260,calm
18251,calm
18244,calm
18242,calm
18247,calm
18253,calm
18262,calm
18274,calm
18290,calm
18292,calm
18243,calm
18243,calm
18190,calm
18149,calm
18114,calm
18114,calm
18098,calm
18090,calm
18085,calm
18087,calm
18091,calm
18097,calm
18108,calm
18072,calm
18008,calm
18008,calm
17959,calm
17959,calm
17933,calm
17921,calm
17914,calm
17912,calm
17915,calm
17924,calm
17937,calm
17951,calm
17962,calm
17919,calm
17861,calm
17861,calm
17819,calm
17782,calm
17781,calm
17766,calm
17761,calm
17760,calm
17764,calm
17773,calm
17786,calm
17786,calm
17785,calm
17724,calm
17723,calm
17684,calm
17659,calm
17647,calm
17646,calm
17656,calm
17670,calm
17689,calm
17716,calm
17716,calm
17747,calm
17776,calm
17748,calm
17707,calm
17706,calm
17684,calm
17670,calm
17671,calm
17677,calm
17691,calm
17709,calm
17709,calm
17736,calm
17767,calm
17799,calm
17799,calm
17798,calm
17758,calm
17722,calm
17701,calm
17691,calm
17687,calm
17695,calm
17707,calm
17719,calm
17738,calm
17758,calm
17782,calm
17781,calm
17797,calm
17796,calm
17764,calm
17731,calm
17718,calm
17709,calm
17711,calm
17719,calm
17733,calm
17754,calm
17782,calm
17781,calm
17811,calm
17847,calm
17876,calm
17845,calm
17807,calm
17771,calm
17771,calm
17754,calm
17748,calm
17756,calm
17764,calm
17777,calm
17777,calm
17804,calm
17838,calm
17869,calm
17869,calm
17868,calm
17834,calm
17804,calm
17786,calm
17777,calm
17779,calm
17785,calm
17793,calm
17805,calm
17822,calm
17844,calm
17868,calm
17867,calm
17890,calm
17861,calm
17861,calm
17834,calm
17816,calm
17805,calm
17804,calm
17829,calm
17845,calm
17867,calm
17867,calm
17895,calm
17926,calm
17945,calm
17916,calm
17885,calm
17854,calm
17853,calm
17844,calm
17845,calm
17855,calm
17854,calm
17869,calm
17892,calm
17918,calm
17944,calm
17944,calm
17942,calm
17942,calm
17918,calm
17900,calm
17893,calm
17892,calm
17900,calm
17913,calm
17929,calm
17949,calm
17948,calm
17947,calm
17946,calm
17918,calm
17894,calm
17880,calm
17877,calm
17883,calm
17893,calm
17905,calm
17920,calm
17930,calm
17888,calm
17888,calm
17845,calm
17820,calm
17802,calm
17798,calm
17804,calm
17815,calm
17827,calm
17845,calm
17868,calm
17868,calm
17867,calm
17812,calm
17811,calm
17766,calm
17741,calm
17727,calm
17726,calm
17729,calm
17741,calm
17760,calm
17778,calm
17802,calm
17801,calm
17822,calm
17793,calm
17793,calm
17748,calm
17726,calm
17716,calm
17716,calm
17727,calm
17748,calm
17772,calm
17798,calm
17797,calm
17831,calm
17867,calm
17881,calm
17850,calm
17826,calm
17807,calm
17804,calm
17807,calm
17821,calm
17838,calm
17864,calm
17887,calm
17887,calm
17917,calm
17954,calm
17980,calm
17961,calm
17941,calm
17917,calm
17909,calm
17910,calm
17916,calm
17959,calm
17987,calm
17987,calm
18021,calm
18054,calm
18090,calm
18090,calm
18096,calm
18081,calm
18080,calm
18068,calm
18067,calm
18070,calm
18079,calm
18079,calm
18098,calm
18125,calm
18151,calm
18181,calm
18180,calm
18212,calm
18220,calm
18215,calm
18208,calm
18207,calm
18211,calm
18219,calm
18234,calm
18253,calm
18277,calm
18277,calm
18305,calm
18336,calm
18367,calm
18367,calm
18379,calm
18374,calm
18372,calm
18371,calm
18374,calm
18383,calm
18399,calm
18417,calm
18435,calm
18456,calm
18455,calm
18482,calm
18509,calm
18536,calm
18559,calm
18559,calm
18555,calm
18552,calm
18550,calm
18555,calm
18562,calm
18562,calm
18575,calm
18597,calm
18617,calm
18637,calm
18661,calm
18672,calm
18662,calm
18651,calm
18640,calm
18636,calm
18634,calm
18639,calm
18649,calm
18661,calm
18660,calm
18678,calm
18694,calm
18695,calm
18675,calm
18675,calm
18652,calm
18640,calm
18631,calm
18631,calm
18632,calm
18635,calm
18644,calm
18657,calm
18667,calm
18667,calm
18665,calm
18665,calm
18625,calm
18586,calm
18562,calm
18562,calm
18551,calm
18544,calm
18543,calm
18547,calm
18553,calm
18563,calm
18574,calm
18574,calm
18563,calm
18563,calm
18525,calm
18496,calm
18476,calm
18465,calm
18464,calm
18468,calm
18476,calm
18487,calm
18502,calm
18521,calm
18539,calm
18559,calm
18579,calm
18574,calm
18553,calm
18531,calm
18518,calm
18511,calm
18508,calm
18512,calm
18522,calm
18538,calm
18555,calm
18575,calm
18574,calm
18600,calm
18620,calm
18641,calm
18634,calm
18621,calm
18603,calm
18594,calm
18587,calm
18588,calm
18594,calm
18607,calm
18621,calm
18637,calm
18658,calm
18658,calm
18672,calm
18661,calm
18660,calm
18645,calm
18641,calm
18636,calm
18638,calm
18645,calm
18659,calm
18659,calm
18673,calm
18692,calm
18708,calm
18732,calm
18744,calm
18729,calm
18712,calm
18691,calm
18678,calm
18670,calm
18668,calm
18672,calm
18678,calm
18690,calm
18704,calm
18722,calm
18740,calm
18763,calm
18762,calm
18765,calm
18764,calm
18747,calm
18728,calm
18720,calm
18714,calm
18714,calm
18721,calm
18732,calm
18743,calm
18759,calm
18758,calm
18776,calm
18797,calm
18817,calm
18822,calm
18810,calm
18797,calm
18788,calm
18781,calm
18781,calm
18785,calm
18795,calm
18810,calm
18823,calm
18841,calm
18860,calm
18859,calm
18883,calm
18903,calm
18909,calm
18900,calm
18890,calm
18881,calm
18876,calm
18875,calm
18881,calm
18886,calm
18898,calm
18912,calm
18929,calm
18947,calm
18947,calm
18964,calm
18977,calm
18968,calm
18961,calm
18946,calm
18945,calm
18946,calm
18951,calm
18957,calm
18966,calm
18977,calm
18990,calm
19002,calm
19020,calm
19031,calm
19023,calm
19007,calm
18991,calm
18973,calm
18966,calm
18960,calm
18959,calm
18961,calm
18967,calm
18972,calm
18984,calm
18994,calm
19011,calm
19028,calm
19042,calm
19034,calm
19021,calm
19002,calm
18985,calm
18975,calm
18966,calm
18960,calm
18956,calm
18958,calm
18962,calm
18965,calm
18974,calm
18986,calm
19000,calm
19010,calm
18994,calm
18979,calm
18962,calm
18950,calm
18941,calm
18937,calm
18936,calm
18935,calm
18942,calm
18949,calm
18960,calm
18972,calm
18986,calm
19002,calm
18998,calm
18984,calm
18971,calm
18958,calm
18952,calm
18949,calm
18952,calm
18953,calm
18961,calm
18972,calm
18981,calm
18996,calm
19010,calm
19026,calm
19029,calm
19016,calm
19003,calm
18990,calm
18986,calm
18981,calm
18983,calm
18985,calm
18992,calm
19006,calm
19018,calm
19030,calm
19030,calm
19048,calm
19061,calm
19054,calm
19042,calm
19026,calm
19016,calm
19015,calm
19011,calm
19011,calm
19013,calm
19012,calm
19018,calm
19031,calm
19044,calm
19055,calm
19070,calm
19074,calm
19064,calm
19054,calm
19038,calm
19035,calm
19039,calm
19043,calm
19050,calm
19061,calm
19076,calm
19089,calm
19106,calm
19123,calm
19123,calm
19123,calm
19118,calm
19114,calm
19114,calm
19111,calm
19113,calm
19112,calm
19120,calm
19128,calm
19140,calm
19151,calm
19165,calm
19182,calm
19195,calm
19192,calm
19184,calm
19176,calm
19173,calm
19170,calm
19171,calm
19176,calm
19181,calm
19189,calm
19199,calm
19212,calm
19223,calm
19222,calm
19220,calm
19219,calm
19205,calm
19188,calm
19176,calm
19167,calm
19160,calm
19156,calm
19156,calm
19157,calm
19164,calm
19167,calm
19176,calm
19182,calm
19163,calm
19134,calm
19102,calm
19101,calm
19076,calm
19055,calm
19039,calm
19027,calm
19021,calm
19016,calm
19019,calm
19022,calm
19027,calm
19015,calm
19015,calm
18976,calm
18935,calm
18901,calm
18901,calm
18882,calm
18868,calm
18857,calm
18850,calm
18848,calm
18846,calm
18807,calm
18807,calm
18760,calm
18723,calm
18722,calm
18702,calm
18688,calm
18679,calm
18678,calm
18680,calm
18661,calm
18661,calm
18612,calm
18567,calm
18537,calm
18537,calm
18527,calm
18521,calm
18520,calm
18527,calm
18538,calm
18540,calm
18492,calm
18441,calm
18440,calm
18418,calm
18411,calm
18408,calm
18411,calm
18421,calm
18433,calm
18454,calm
18473,calm
18490,calm
18463,calm
18427,calm
18384,calm
18384,calm
18369,calm
18364,calm
18366,calm
18376,calm
18390,calm
18390,calm
18412,calm
18433,calm
18458,calm
18486,calm
18480,calm
18451,calm
18422,calm
18397,calm
18384,calm
18379,calm
18383,calm
18392,calm
18405,calm
18423,calm
18443,calm
18466,calm
18493,calm
18493,calm
18516,calm
18504,calm
18486,calm
18486,calm
18473,calm
18468,calm
18468,calm
18480,calm
18479,calm
18494,calm
18511,calm
18534,calm
18555,calm
18582,calm
18581,calm
18598,calm
18585,calm
18570,calm
18569,calm
18560,calm
18560,calm
18563,calm
18572,calm
18572,calm
18587,calm
18606,calm
18630,calm
18652,calm
18675,calm
18675,calm
18675,calm
18675,calm
18660,calm
18652,calm
18649,calm
18646,calm
18653,calm
18663,calm
18662,calm
18679,calm
18695,calm
18715,calm
18736,calm
18757,calm
18753,calm
18737,calm
18716,calm
18699,calm
18688,calm
18685,calm
18684,calm
18691,calm
18701,calm
18714,calm
18731,calm
18751,calm
18769,calm
18769,calm
18779,calm
18760,calm
18759,calm
18739,calm
18725,calm
18715,calm
18713,calm
18717,calm
18722,calm
18733,calm
18744,calm
18760,calm
18759,calm
18778,calm
18797,calm
18803,calm
18781,calm
18758,calm
18757,calm
18743,calm
18732,calm
18728,calm
18737,calm
18747,calm
18758,calm
18758,calm
18774,calm
18792,calm
18808,calm
18802,calm
18783,calm
18765,calm
18764,calm
18751,calm
18745,calm
18745,calm
18749,calm
18757,calm
18756,calm
18771,calm
18783,calm
18801,calm
18817,calm
18818,calm
18797,calm
18778,calm
18763,calm
18752,calm
18751,calm
18751,calm
18754,calm
18763,calm
18772,calm
18784,calm
18799,calm
18814,calm
18832,calm
18846,calm
18831,calm
18811,calm
18785,calm
18765,calm
18753,calm
18743,calm
18741,calm
18746,calm
18751,calm
18762,calm
18774,calm
18789,calm
18804,calm
18823,calm
18833,calm
18812,calm
18787,calm
18758,calm
18739,calm
18739,calm
18726,calm
18723,calm
18722,calm
18724,calm
18731,calm
18741,calm
18740,calm
18753,calm
18767,calm
18751,calm
18750,calm
18719,calm
18694,calm
18673,calm
18658,calm
18650,calm
18645,calm
18645,calm
18647,calm
18651,calm
18655,calm
18645,calm
18644,calm
18611,calm
18583,calm
18557,calm
18541,calm
18541,calm
18535,calm
18534,calm
18536,calm
18543,calm
18542,calm
18542,calm
18495,calm
18450,calm
18449,calm
18420,calm
18397,calm
18384,calm
18378,calm
18378,calm
18382,calm
18393,calm
18406,calm
18439,calm
18430,calm
18392,calm
18348,calm
18348,calm
18325,calm
18312,calm
18307,calm
18310,calm
18317,calm
18330,calm
18348,calm
18348,calm
18368,calm
18395,calm
18417,calm
18403,calm
18378,calm
18348,calm
18347,calm
18342,calm
18341,calm
18348,calm
18347,calm
18365,calm
18384,calm
18410,calm
18435,calm
18435,calm
18465,calm
18493,calm
18493,calm
18482,calm
18462,calm
18453,calm
18452,calm
18456,calm
18472,calm
18484,calm
18502,calm
18524,calm
18548,calm
18548,calm
18573,calm
18603,calm
18631,calm
18637,calm
18629,calm
18620,calm
18616,calm
18616,calm
18619,calm
18628,calm
18641,calm
18641,calm
18662,calm
18683,calm
18707,calm
18732,calm
18755,calm
18755,calm
18751,calm
18751,calm
18740,calm
18737,calm
18737,calm
18742,calm
18751,calm
18751,calm
18767,calm
18785,calm
18801,calm
18821,calm
18842,calm
18863,calm
18862,calm
18862,calm
18847,calm
18832,calm
18820,calm
18812,calm
18809,calm
18810,calm
18814,calm
18824,calm
18833,calm
18848,calm
18847,calm
18867,calm
18885,calm
18906,calm
18908,calm
18893,calm
18871,calm
18848,calm
18847,calm
18836,calm
18831,calm
18830,calm
18833,calm
18840,calm
18850,calm
18850,calm
18862,calm
18878,calm
18897,calm
18912,calm
18893,calm
18870,calm
18849,calm
18849,calm
18833,calm
18823,calm
18818,calm
18819,calm
18821,calm
18825,calm
18834,calm
18834,calm
18845,calm
18845,calm
18816,calm
18789,calm
18767,calm
18748,calm
18737,calm
18732,calm
18730,calm
18734,calm
18741,calm
18751,calm
18761,calm
18775,calm
18789,calm
18784,calm
18749,calm
18719,calm
18718,calm
18697,calm
18683,calm
18678,calm
18679,calm
18683,calm
18691,calm
18705,calm
18716,calm
18716,calm
18734,calm
18754,calm
18760,calm
18739,calm
18715,calm
18715,calm
18700,calm
18690,calm
18688,calm
18689,calm
18697,calm
18710,calm
18723,calm
18723,calm
18741,calm
18761,calm
18784,calm
18804,calm
18796,calm
18779,calm
18759,calm
18742,calm
18733,calm
18731,calm
18734,calm
18740,calm
18749,calm
18766,calm
18783,calm
18801,calm
18822,calm
18822,calm
18848,calm
18861,calm
18848,calm
18836,calm
18814,calm
18814,calm
18805,calm
18804,calm
18807,calm
18813,calm
18812,calm
18826,calm
18840,calm
18857,calm
18875,calm
18897,calm
18917,calm
18914,calm
18896,calm
18880,calm
18862,calm
18851,calm
18847,calm
18850,calm
18855,calm
18863,calm
18874,calm
18889,calm
18902,calm
18921,calm
18920,calm
18939,calm
18946,calm
18925,calm
18924,calm
18903,calm
18888,calm
18877,calm
18873,calm
18876,calm
18888,calm
18900,calm
18910,calm
18910,calm
18925,calm
18939,calm
18952,calm
18940,calm
18918,calm
18918,calm
18898,calm
18882,calm
18873,calm
18868,calm
18866,calm
18867,calm
18874,calm
18883,calm
18893,calm
18906,calm
18920,calm
18920,calm
18919,calm
18894,calm
18872,calm
18853,calm
18832,calm
18822,calm
18819,calm
18819,calm
18820,calm
18828,calm
18838,calm
18850,calm
18861,calm
18878,calm
18894,calm
18885,calm
18856,calm
18831,calm
18800,calm
18800,calm
18786,calm
18780,calm
18776,calm
18779,calm
18784,calm
18797,calm
18796,calm
18809,calm
18826,calm
18845,calm
18853,calm
18831,calm
18804,calm
18804,calm
18782,calm
18768,calm
18759,calm
18758,calm
18760,calm
18767,calm
18777,calm
18789,calm
18805,calm
18805,calm
18822,calm
18839,calm
18826,calm
18803,calm
18802,calm
18780,calm
18764,calm
18756,calm
18755,calm
18757,calm
18764,calm
18774,calm
18788,calm
18803,calm
18802,calm
18821,calm
18837,calm
18823,calm
18797,calm
18797,calm
18776,calm
18765,calm
18759,calm
18758,calm
18760,calm
18769,calm
18778,calm
18790,calm
18789,calm
18806,calm
18824,calm
18845,calm
18845,calm
18815,calm
18814,calm
18769,calm
18752,calm
18746,calm
18747,calm
18751,calm
18758,calm
18768,calm
18780,calm
18797,calm
18796,calm
18816,calm
18824,calm
18796,calm
18795,calm
18765,calm
18743,calm
18725,calm
18714,calm
18712,calm
18711,calm
18716,calm
18726,calm
18738,calm
18750,calm
18766,calm
18781,calm
18776,calm
18738,calm
18708,calm
18707,calm
18687,calm
18669,calm
18665,calm
18666,calm
18670,calm
18678,calm
18692,calm
18706,calm
18706,calm
18724,calm
18744,calm
18729,calm
18695,calm
18694,calm
18661,calm
18636,calm
18621,calm
18614,calm
18612,calm
18614,calm
18623,calm
18633,calm
18645,calm
18659,calm
18681,calm
18680,calm
18645,calm
18616,calm
18616,calm
18596,calm
18578,calm
18569,calm
18571,calm
18572,calm
18581,calm
18590,calm
18603,calm
18602,calm
18621,calm
18623,calm
18623,calm
18582,calm
18541,calm
18511,calm
18511,calm
18501,calm
18500,calm
18499,calm
18505,calm
18515,calm
18515,calm
18527,calm
18544,calm
18561,calm
18537,calm
18536,calm
18498,calm
18470,calm
18449,calm
18436,calm
18433,calm
18432,calm
18439,calm
18447,calm
18463,calm
18479,calm
18501,calm
18502,calm
18474,calm
18448,calm
18427,calm
18415,calm
18410,calm
18415,calm
18426,calm
18438,calm
18458,calm
18479,calm
18502,calm
18527,calm
18527,calm
18542,calm
18518,calm
18517,calm
18493,calm
18479,calm
18475,calm
18477,calm
18502,calm
18522,calm
18522,calm
18549,calm
18574,calm
18600,calm
18626,calm
18620,calm
18607,calm
18590,calm
18580,calm
18573,calm
18575,calm
18587,calm
18600,calm
18618,calm
18618,calm
18642,calm
18668,calm
18694,calm
18723,calm
18725,calm
18710,calm
18693,calm
18680,calm
18675,calm
18675,calm
18682,calm
18693,calm
18707,calm
18707,calm
18727,calm
18747,calm
18772,calm
18797,calm
18817,calm
18809,calm
18794,calm
18775,calm
18760,calm
18752,calm
18752,calm
18759,calm
18767,calm
18781,calm
18796,calm
18812,calm
18811,calm
18832,calm
18854,calm
18856,calm
18838,calm
18823,calm
18811,calm
18804,calm
18803,calm
18803,calm
18810,calm
18821,calm
18832,calm
18848,calm
18866,calm
18888,calm
18907,calm
18913,calm
18893,calm
18876,calm
18852,calm
18836,calm
18824,calm
18821,calm
18822,calm
18826,calm
18833,calm
18848,calm
18860,calm
18875,calm
18891,calm
18904,calm
18888,calm
18863,calm
18835,calm
18818,calm
18801,calm
18791,calm
18786,calm
18786,calm
18788,calm
18797,calm
18807,calm
18820,calm
18836,calm
18835,calm
18805,calm
18781,calm
18780,calm
18765,calm
18752,calm
18750,calm
18750,calm
18756,calm
18778,calm
18793,calm
18792,calm
18810,calm
18807,calm
18807,calm
18775,calm
18740,calm
18717,calm
18702,calm
18695,calm
18695,calm
18700,calm
18708,calm
18722,calm
18738,calm
18755,calm
18776,calm
18774,calm
18747,calm
18715,calm
18687,calm
18686,calm
18676,calm
18670,calm
18671,calm
18676,calm
18686,calm
18685,calm
18702,calm
18720,calm
18722,calm
18701,calm
18682,calm
18681,calm
18671,calm
18665,calm
18668,calm
18677,calm
18677,calm
18693,calm
18714,calm
18734,calm
18736,calm
18715,calm
18694,calm
18674,calm
18674,calm
18670,calm
18674,calm
18673,calm
18686,calm
18702,calm
18725,calm
18748,calm
18773,calm
18783,calm
18766,calm
18742,calm
18718,calm
18703,calm
18698,calm
18697,calm
18704,calm
18716,calm
18731,calm
18752,calm
18773,calm
18772,calm
18797,calm
18800,calm
18786,calm
18768,calm
18768,calm
18758,calm
18755,calm
18759,calm
18769,calm
18768,calm
18785,calm
18805,calm
18828,calm
18848,calm
18874,calm
18882,calm
18874,calm
18864,calm
18858,calm
18857,calm
18860,calm
18866,calm
18879,calm
18878,calm
18898,calm
18916,calm
18939,calm
18963,calm
18969,calm
18961,calm
18957,calm
18954,calm
18956,calm
18960,calm
18968,calm
18982,calm
18982,calm
19000,calm
19017,calm
19035,calm
19049,calm
19037,calm
19026,calm
19008,calm
19000,calm
18998,calm
18999,calm
19004,calm
19013,calm
19039,calm
19056,calm
19072,calm
19090,calm
19093,calm
19079,calm
19059,calm
19039,calm
19027,calm
19018,calm
19013,calm
19016,calm
19021,calm
19030,calm
19039,calm
19051,calm
19067,calm
19069,calm
19049,calm
19035,calm
19020,calm
19010,calm
19006,calm
19007,calm
19013,calm
19019,calm
19031,calm
19043,calm
19055,calm
19070,calm
19064,calm
19044,calm
19019,calm
18997,calm
18980,calm
18971,calm
18964,calm
18962,calm
18964,calm
18971,calm
18977,calm
18984,calm
18958,calm
18958,calm
18926,calm
18904,calm
18886,calm
18877,calm
18872,calm
18873,calm
18876,calm
18883,calm
18892,calm
18901,calm
18880,calm
18849,calm
18848,calm
18822,calm
18804,calm
18794,calm
18790,calm
18791,calm
18787,calm
18789,calm
18794,calm
18800,calm
18788,calm
18752,calm
18751,calm
18721,calm
18701,calm
18688,calm
18681,calm
18682,calm
18689,calm
18698,calm
18713,calm
18731,calm
18750,calm
18768,calm
18756,calm
18735,calm
18710,calm
18695,calm
18685,calm
18683,calm
18685,calm
18692,calm
18702,calm
18719,calm
18737,calm
18754,calm
18753,calm
18766,calm
18748,calm
18748,calm
18729,calm
18719,calm
18714,calm
18716,calm
18722,calm
18746,calm
18745,calm
18766,calm
18786,calm
18805,calm
18804,calm
18798,calm
18794,calm
18795,calm
18797,calm
18806,calm
18815,calm
18830,calm
18845,calm
18863,calm
18862,calm
18876,calm
18867,calm
18866,calm
18859,calm
18857,calm
18858,calm
18868,calm
18879,calm
18894,calm
18909,calm
18926,calm
18943,calm
18956,calm
18946,calm
18934,calm
18922,calm
18915,calm
18912,calm
18915,calm
18918,calm
18925,calm
18938,calm
18950,calm
18949,calm
18968,calm
18977,calm
18966,calm
18955,calm
18947,calm
18947,calm
18947,calm
18947,calm
18955,calm
18966,calm
18979,calm
18995,calm
19012,calm
19031,calm
19039,calm
19033,calm
19031,calm
19032,calm
19032,calm
19035,calm
19041,calm
19050,calm
19057,calm
19069,calm
19069,calm
19060,calm
19060,calm
19049,calm
19041,calm
19035,calm
19033,calm
19038,calm
19042,calm
19051,calm
19060,calm
19060,calm
19060,calm
19044,calm
19029,calm
19013,calm
19004,calm
18998,calm
19000,calm
19002,calm
19009,calm
19017,calm
19029,calm
19039,calm
19047,calm
19031,calm
19014,calm
18994,calm
18978,calm
18967,calm
18962,calm
18960,calm
18961,calm
18966,calm
18974,calm
18985,calm
18996,calm
18990,calm
18973,calm
18955,calm
18945,calm
18945,calm
18942,calm
18943,calm
18944,calm
18944,calm
18955,calm
18963,calm
18949,calm
18949,calm
18931,calm
18917,calm
18909,calm
18905,calm
18906,calm
18911,calm
18916,calm
18925,calm
18938,calm
18930,calm
18904,calm
18881,calm
18862,calm
18849,calm
18840,calm
18839,calm
18840,calm
18846,calm
18854,calm
18865,calm
18879,calm
18894,calm
18895,calm
18875,calm
18849,calm
18825,calm
18824,calm
18815,calm
18812,calm
18814,calm
18818,calm
18828,calm
18827,calm
18842,calm
18856,calm
18875,calm
18895,calm
18900,calm
18881,calm
18860,calm
18836,calm
18823,calm
18822,calm
18820,calm
18823,calm
18823,calm
18831,calm
18843,calm
18857,calm
18873,calm
18891,calm
18911,calm
18917,calm
18899,calm
18878,calm
18862,calm
18852,calm
18843,calm
18840,calm
18843,calm
18849,calm
18858,calm
18870,calm
18882,calm
18898,calm
18915,calm
18933,calm
18933,calm
18933,calm
18915,calm
18891,calm
18879,calm
18871,calm
18866,calm
18866,calm
18870,calm
18878,calm
18890,calm
18901,calm
18919,calm
18919,calm
18937,calm
18950,calm
18934,calm
18934,calm
18912,calm
18895,calm
18884,calm
18873,calm
18871,calm
18871,calm
18875,calm
18882,calm
18894,calm
18903,calm
18919,calm
18927,calm
18906,calm
18883,calm
18859,calm
18839,calm
18823,calm
18811,calm
18809,calm
18806,calm
18820,calm
18829,calm
18841,calm
18855,calm
18859,calm
18829,calm
18799,calm
18798,calm
18778,calm
18760,calm
18751,calm
18749,calm
18753,calm
18758,calm
18766,calm
18776,calm
18790,calm
18809,calm
18809,calm
18808,calm
18781,calm
18747,calm
18723,calm
18706,calm
18706,calm
18703,calm
18706,calm
18705,calm
18716,calm
18729,calm
18748,calm
18766,calm
18787,calm
18783,calm
18756,calm
18725,calm
18725,calm
18709,calm
18697,calm
18693,calm
18700,calm
18707,calm
18719,calm
18718,calm
18737,calm
18758,calm
18778,calm
18796,calm
18780,calm
18750,calm
18717,calm
18716,calm
18699,calm
18689,calm
18688,calm
18690,calm
18698,calm
18707,calm
18722,calm
18721,calm
18739,calm
18758,calm
18761,calm
18731,calm
18731,calm
18698,calm
18675,calm
18658,calm
18652,calm
18651,calm
18654,calm
18661,calm
18673,calm
18688,calm
18707,calm
18724,calm
18724,calm
18723,calm
18694,calm
18660,calm
18638,calm
18619,calm
18619,calm
18615,calm
18615,calm
18620,calm
18634,calm
18647,calm
18666,calm
18683,calm
18686,calm
18647,calm
18614,calm
18613,calm
18592,calm
18573,calm
18565,calm
18565,calm
18569,calm
18574,calm
18589,calm
18626,calm
18626,calm
18638,calm
18638,calm
18598,calm
18559,calm
18529,calm
18529,calm
18518,calm
18514,calm
18515,calm
18523,calm
18535,calm
18535,calm
18554,calm
18575,calm
18597,calm
18603,calm
18566,calm
18532,calm
18531,calm
18511,calm
18495,calm
18492,calm
18495,calm
18506,calm
18519,calm
18537,calm
18536,calm
18560,calm
18586,calm
18611,calm
18611,calm
18588,calm
18570,calm
18553,calm
18540,calm
18535,calm
18542,calm
18555,calm
18566,calm
18585,calm
18611,calm
18635,calm
18634,calm
18662,calm
18672,calm
18656,calm
18638,calm
18623,calm
18619,calm
18620,calm
18627,calm
18639,calm
18655,calm
18676,calm
18696,calm
18718,calm
18717,calm
18742,calm
18767,calm
18759,calm
18741,calm
18727,calm
18712,calm
18712,calm
18712,calm
18712,calm
18727,calm
18743,calm
18761,calm
18784,calm
18808,calm
18808,calm
18835,calm
18856,calm
18849,calm
18839,calm
18825,calm
18816,calm
18811,calm
18814,calm
18821,calm
18833,calm
18845,calm
18864,calm
18883,calm
18906,calm
18906,calm
18927,calm
18928,calm
18916,calm
18907,calm
18907,calm
18901,calm
18901,calm
18904,calm
18904,calm
18915,calm
18932,calm
18952,calm
18972,calm
18993,calm
19013,calm
19010,calm
18985,calm
18967,calm
18948,calm
18937,calm
18928,calm
18927,calm
18930,calm
18937,calm
18945,calm
18959,calm
18975,calm
18993,calm
19009,calm
18980,calm
18950,calm
18916,calm
18916,calm
18896,calm
18887,calm
18880,calm
18879,calm
18883,calm
18889,calm
18894,calm
18904,calm
18916,calm
18918,calm
18878,calm
18835,calm
18834,calm
18803,calm
18772,calm
18755,calm
18744,calm
18736,calm
18729,calm
18732,calm
18733,calm
18743,calm
18749,calm
18713,calm
18712,calm
18670,calm
18633,calm
18633,calm
18613,calm
18602,calm
18596,calm
18594,calm
18596,calm
18605,calm
18609,calm
18575,calm
18526,calm
18526,calm
18486,calm
18453,calm
18452,calm
18440,calm
18431,calm
18429,calm
18435,calm
18444,calm
18443,calm
18443,calm
18391,calm
18340,calm
18339,calm
18310,calm
18288,calm
18279,calm
18275,calm
18280,calm
18290,calm
18307,calm
18324,calm
18352,calm
18361,calm
18325,calm
18285,calm
18245,calm
18244,calm
18232,calm
18234,calm
18243,calm
18242,calm
18261,calm
18286,calm
18314,calm
18345,calm
18345,calm
18359,calm
18339,calm
18338,calm
18319,calm
18313,calm
18314,calm
18324,calm
18340,calm
18339,calm
18360,calm
18384,calm
18414,calm
18440,calm
18440,calm
18436,calm
18429,calm
18424,calm
18427,calm
18431,calm
18445,calm
18463,calm
18483,calm
18506,calm
18506,calm
18536,calm
18570,calm
18582,calm
18577,calm
18569,calm
18566,calm
18568,calm
18574,calm
18586,calm
18608,calm
18607,calm
18633,calm
18659,calm
18687,calm
18713,calm
18713,calm
18728,calm
18725,calm
18718,calm
18715,calm
18716,calm
18720,calm
18727,calm
18733,calm
18743,calm
18757,calm
18774,calm
18794,calm
18815,calm
18815,calm
18816,calm
18807,calm
18798,calm
18795,calm
18795,calm
18798,calm
18807,calm
18821,calm
18836,calm
18855,calm
18875,calm
18896,calm
18896,calm
18920,calm
18933,calm
18929,calm
18927,calm
18921,calm
18920,calm
18923,calm
18928,calm
18937,calm
18949,calm
18965,calm
18978,calm
18993,calm
19016,calm
19016,calm
19031,calm
19024,calm
19017,calm
19009,calm
19009,calm
19007,calm
19010,calm
19012,calm
19012,calm
19022,calm
19033,calm
19045,calm
19061,calm
19077,calm
19092,calm
19089,calm
19072,calm
19055,calm
19037,calm
19024,calm
19016,calm
19011,calm
19008,calm
19007,calm
19008,calm
19012,calm
19017,calm
19028,calm
19040,calm
19052,calm
19028,calm
19001,calm
19001,calm
18971,calm
18948,calm
18933,calm
18923,calm
18915,calm
18914,calm
18913,calm
18920,calm
18927,calm
18938,calm
18951,calm
18942,calm
18942,calm
18908,calm
18874,calm
18849,calm
18828,calm
18815,calm
18815,calm
18808,calm
18814,calm
18814,calm
18826,calm
18835,calm
18846,calm
18818,calm
18817,calm
18787,calm
18760,calm
18760,calm
18752,calm
18751,calm
18752,calm
18757,calm
18766,calm
18766,calm
18780,calm
18793,calm
18792,calm
18746,calm
18698,calm
18698,calm
18669,calm
18654,calm
18645,calm
18639,calm
18641,calm
18649,calm
18660,calm
18673,calm
18689,calm
18689,calm
18701,calm
18701,calm
18664,calm
18622,calm
18591,calm
18591,calm
18578,calm
18579,calm
18579,calm
18589,calm
18603,calm
18603,calm
18621,calm
18641,calm
18648,calm
18621,calm
18594,calm
18594,calm
18577,calm
18565,calm
18564,calm
18569,calm
18579,calm
18593,calm
18592,calm
18615,calm
18638,calm
18653,calm
18626,calm
18599,calm
18598,calm
18580,calm
18568,calm
18569,calm
18574,calm
18586,calm
18601,calm
18601,calm
18623,calm
18650,calm
18677,calm
18684,calm
18656,calm
18630,calm
18604,calm
18591,calm
18590,calm
18591,calm
18590,calm
18605,calm
18622,calm
18645,calm
18669,calm
18695,calm
18694,calm
18709,calm
18690,calm
18690,calm
18666,calm
18658,calm
18655,calm
18660,calm
18669,calm
18681,calm
18680,calm
18704,calm
18727,calm
18752,calm
18783,calm
18783,calm
18782,calm
18776,calm
18768,calm
18769,calm
18771,calm
18771,calm
18788,calm
18809,calm
18830,calm
18856,calm
18883,calm
18883,calm
18889,calm
18886,calm
18881,calm
18880,calm
18882,calm
18890,calm
18902,calm
18916,calm
18933,calm
18956,calm
18979,calm
18979,calm
19005,calm
19027,calm
19030,calm
19024,calm
19016,calm
19009,calm
19007,calm
19011,calm
19020,calm
19032,calm
19046,calm
19066,calm
19065,calm
19086,calm
19106,calm
19132,calm
19133,calm
19127,calm
19116,calm
19110,calm
19107,calm
19109,calm
19112,calm
19118,calm
19128,calm
19138,calm
19152,calm
19170,calm
19170,calm
19169,calm
19169,calm
19161,calm
19153,calm
19148,calm
19144,calm
19149,calm
19155,calm
19165,calm
19165,calm
19177,calm
19192,calm
19205,calm
19214,calm
19200,calm
19188,calm
19167,calm
19167,calm
19157,calm
19153,calm
19153,calm
19155,calm
19163,calm
19173,calm
19173,calm
19186,calm
19179,calm
19170,calm
19170,calm
19158,calm
19154,calm
19153,calm
19157,calm
19161,calm
19172,calm
19172,calm
19185,calm
19196,calm
19189,calm
19178,calm
19178,calm
19169,calm
19164,calm
19163,calm
19168,calm
19172,calm
19172,calm
19187,calm
19199,calm
19213,calm
19222,calm
19217,calm
19206,calm
19196,calm
19191,calm
19189,calm
19192,calm
19196,calm
19204,calm
19217,calm
19231,calm
19246,calm
19263,calm
19277,calm
19274,calm
19263,calm
19248,calm
19241,calm
19233,calm
19230,calm
19233,calm
19241,calm
19249,calm
19257,calm
19268,calm
19281,calm
19273,calm
19266,calm
19254,calm
19252,calm
19247,calm
19251,calm
19256,calm
19265,calm
19274,calm
19289,calm
19305,calm
19305,calm
19320,calm
19321,calm
19318,calm
19313,calm
19310,calm
19312,calm
19314,calm
19321,calm
19329,calm
19340,calm
19350,calm
19361,calm
19375,calm
19389,calm
19395,calm
19394,calm
19392,calm
19389,calm
19386,calm
19389,calm
19395,calm
19398,calm
19406,calm
19406,calm
19418,calm
19434,calm
19446,calm
19459,calm
19458,calm
19458,calm
19458,calm
19462,calm
19466,calm
19475,calm
19483,calm
19492,calm
19505,calm
19513,calm
19523,calm
19535,calm
19535,calm
19532,calm
19532,calm
19532,calm
19529,calm
19530,calm
19530,calm
19530,calm
19537,calm
19541,calm
19548,calm
19558,calm
19567,calm
19566,calm
19560,calm
19551,calm
19545,calm
19537,calm
19533,calm
19530,calm
19533,calm
19532,calm
19534,calm
19537,calm
19542,calm
19533,calm
19533,calm
19524,calm
19513,calm
19499,calm
19489,calm
19487,calm
19483,calm
19482,calm
19480,calm
19482,calm
19474,calm
19453,calm
19430,calm
19430,calm
19411,calm
19394,calm
19382,calm
19364,calm
19361,calm
19355,calm
19339,calm
19309,calm
19309,calm
19280,calm
19253,calm
19234,calm
19215,calm
19201,calm
19201,calm
19193,calm
19184,calm
19147,calm
19109,calm
19108,calm
19072,calm
19041,calm
19017,calm
18996,calm
18996,calm
18985,calm
18982,calm
18980,calm
18953,calm
18921,calm
18897,calm
18876,calm
18876,calm
18864,calm
18862,calm
18861,calm
18865,calm
18868,calm
18858,calm
18825,calm
18796,calm
18771,calm
18771,calm
18760,calm
18758,calm
18754,calm
18756,calm
18764,calm
18769,calm
18742,calm
18706,calm
18666,calm
18666,calm
18647,calm
18641,calm
18639,calm
18644,calm
18654,calm
18654,calm
18669,calm
18686,calm
18670,calm
18670,calm
18640,calm
18621,calm
18604,calm
18599,calm
18597,calm
18605,calm
18612,calm
18626,calm
18641,calm
18663,calm
18662,calm
18650,calm
18649,calm
18621,calm
18603,calm
18587,calm
18580,calm
18580,calm
18586,calm
18595,calm
18606,calm
18623,calm
18629,calm
18602,calm
18573,calm
18543,calm
18542,calm
18527,calm
18519,calm
18518,calm
18521,calm
18531,calm
18540,calm
18545,calm
18514,calm
18476,calm
18432,calm
18432,calm
18410,calm
18399,calm
18397,calm
18409,calm
18424,calm
18440,calm
18439,calm
18439,calm
18401,calm
18360,calm
18334,calm
18334,calm
18325,calm
18324,calm
18328,calm
18337,calm
18336,calm
18358,calm
18378,calm
18393,calm
18366,calm
18334,calm
18333,calm
18315,calm
18298,calm
18297,calm
18299,calm
18307,calm
18320,calm
18339,calm
18358,calm
18358,calm
18380,calm
18366,calm
18344,calm
18344,calm
18331,calm
18325,calm
18329,calm
18337,calm
18348,calm
18348,calm
18369,calm
18393,calm
18420,calm
18441,calm
18437,calm
18429,calm
18419,calm
18418,calm
18420,calm
18430,calm
18444,calm
18444,calm
18463,calm
18488,calm
18514,calm
18537,calm
18548,calm
18546,calm
18544,calm
18546,calm
18551,calm
18551,calm
18567,calm
18583,calm
18603,calm
18625,calm
18647,calm
18647,calm
18655,calm
18652,calm
18649,calm
18648,calm
18650,calm
18656,calm
18670,calm
18685,calm
18699,calm
18720,calm
18738,calm
18757,calm
18754,calm
18746,calm
18743,calm
18742,calm
18744,calm
18752,calm
18751,calm
18767,calm
18784,calm
18804,calm
18824,calm
18837,calm
18835,calm
18831,calm
18830,calm
18834,calm
18841,calm
18852,calm
18866,calm
18866,calm
18882,calm
18900,calm
18898,calm
18890,calm
18882,calm
18876,calm
18874,calm
18875,calm
18881,calm
18891,calm
18902,calm
18919,calm
18931,calm
18933,calm
18917,calm
18902,calm
18888,calm
18879,calm
18875,calm
18884,calm
18891,calm
18905,calm
18918,calm
18936,calm
18942,calm
18926,calm
18907,calm
18887,calm
18876,calm
18870,calm
18868,calm
18870,calm
18876,calm
18887,calm
18898,calm
18911,calm
18926,calm
18944,calm
18939,calm
18917,calm
18890,calm
18867,calm
18850,calm
18841,calm
18839,calm
18843,calm
18847,calm
18857,calm
18866,calm
18879,calm
18894,calm
18910,calm
18907,calm
18888,calm
18866,calm
18843,calm
18842,calm
18834,calm
18830,calm
18833,calm
18837,calm
18837,calm
18848,calm
18860,calm
18874,calm
18880,calm
18856,calm
18830,calm
18829,calm
18810,calm
18793,calm
18787,calm
18786,calm
18788,calm
18793,calm
18803,calm
18817,calm
18832,calm
18848,calm
18849,calm
18820,calm
18784,calm
18744,calm
18744,calm
18723,calm
18715,calm
18710,calm
18713,calm
18719,calm
18730,calm
18729,calm
18744,calm
18761,calm
18777,calm
18764,calm
18734,calm
18733,calm
18705,calm
18684,calm
18672,calm
18666,calm
18668,calm
18670,calm
18679,calm
18689,calm
18704,calm
18722,calm
18741,calm
18755,calm
18734,calm
18702,calm
18668,calm
18639,calm
18639,calm
18624,calm
18620,calm
18618,calm
18618,calm
18625,calm
18635,calm
18634,calm
18647,calm
18634,calm
18634,calm
18593,calm
18554,calm
18528,calm
18528,calm
18516,calm
18514,calm
18514,calm
18519,calm
18530,calm
18530,calm
18545,calm
18565,calm
18581,calm
18551,calm
18550,calm
18517,calm
18496,calm
18477,calm
18466,calm
18465,calm
18464,calm
18464,calm
18471,calm
18464,calm
19530,stress
19519,stress
19512,stress
19505,stress
19498,stress
19486,stress
19475,stress
19466,stress
19458,stress
19458,stress
19429,stress
19409,stress
19394,stress
19383,stress
19378,stress
19379,stress
19381,stress
19388,stress
19387,stress
19369,stress
19353,stress
19344,stress
19343,stress
19343,stress
19347,stress
19347,stress
19352,stress
19344,stress
19343,stress
19328,stress
19313,stress
19303,stress
19298,stress
19304,stress
19312,stress
19323,stress
19318,stress
19300,stress
19274,stress
19251,stress
19229,stress
19229,stress
19219,stress
19218,stress
19214,stress
19188,stress
19166,stress
19147,stress
19132,stress
19132,stress
19134,stress
19138,stress
19142,stress
19138,stress
19128,stress
19114,stress
19113,stress
19093,stress
19085,stress
19083,stress
19075,stress
19053,stress
19038,stress
19031,stress
19029,stress
19039,stress
19060,stress
19085,stress
19104,stress
19118,stress
19117,stress
19153,stress
19197,stress
19197,stress
19238,stress
19296,stress
19319,stress
19319,stress
19346,stress
19379,stress
19409,stress
19409,stress
19426,stress
19441,stress
19458,stress
19476,stress
19502,stress
19527,stress
19527,stress
19538,stress
19547,stress
19559,stress
19567,stress
19582,stress
19600,stress
19610,stress
19613,stress
19617,stress
19628,stress
19628,stress
19647,stress
19666,stress
19675,stress
19678,stress
19685,stress
19692,stress
19700,stress
19712,stress
19729,stress
19736,stress
19739,stress
19741,stress
19742,stress
19742,stress
19746,stress
19747,stress
19739,stress
19735,stress
19732,stress
19728,stress
19728,stress
19736,stress
19739,stress
19733,stress
19732,stress
19735,stress
19741,stress
19743,stress
19749,stress
19738,stress
19724,stress
19713,stress
19710,stress
19707,stress
19708,stress
19703,stress
19684,stress
19668,stress
19659,stress
19649,stress
19647,stress
19650,stress
19653,stress
19642,stress
19642,stress
19638,stress
19632,stress
19625,stress
19618,stress
19596,stress
19570,stress
19551,stress
19532,stress
19523,stress
19523,stress
19508,stress
19486,stress
19472,stress
19459,stress
19446,stress
19438,stress
19432,stress
19413,stress
19413,stress
19391,stress
19376,stress
19362,stress
19356,stress
19351,stress
19327,stress
19306,stress
19288,stress
19288,stress
19278,stress
19273,stress
19260,stress
19240,stress
19222,stress
19211,stress
19204,stress
19200,stress
19194,stress
19183,stress
19183,stress
19181,stress
19182,stress
19182,stress
19195,stress
19212,stress
19213,stress
19201,stress
19194,stress
19189,stress
19189,stress
19186,stress
19173,stress
19153,stress
19139,stress
19130,stress
19126,stress
19124,stress
19127,stress
19110,stress
19096,stress
19082,stress
19077,stress
19071,stress
19062,stress
19061,stress
19026,stress
18995,stress
18975,stress
18958,stress
18958,stress
18949,stress
18941,stress
18913,stress
18883,stress
18859,stress
18843,stress
18842,stress
18832,stress
18821,stress
18800,stress
18767,stress
18743,stress
18730,stress
18718,stress
18717,stress
18713,stress
18693,stress
18663,stress
18629,stress
18604,stress
18603,stress
18604,stress
18603,stress
18615,stress
18617,stress
18615,stress
18607,stress
18610,stress
18607,stress
18607,stress
18605,stress
18598,stress
18597,stress
18574,stress
18561,stress
18559,stress
18561,stress
18567,stress
18577,stress
18574,stress
18562,stress
18554,stress
18551,stress
18556,stress
18565,stress
18579,stress
18586,stress
18583,stress
18581,stress
18590,stress
18589,stress
18610,stress
18632,stress
18657,stress
18669,stress
18676,stress
18681,stress
18699,stress
18698,stress
18721,stress
18740,stress
18754,stress
18757,stress
18758,stress
18762,stress
18771,stress
18778,stress
18790,stress
18811,stress
18811,stress
18822,stress
18836,stress
18855,stress
18877,stress
18901,stress
18901,stress
18926,stress
18939,stress
18942,stress
18946,stress
18960,stress
18964,stress
18978,stress
18993,stress
19010,stress
19020,stress
19020,stress
19032,stress
19048,stress
19062,stress
19073,stress
19083,stress
19086,stress
19086,stress
19083,stress
19079,stress
19075,stress
19075,stress
19076,stress
19082,stress
19084,stress
19083,stress
19082,stress
19084,stress
19092,stress
19101,stress
19109,stress
19123,stress
19127,stress
19121,stress
19113,stress
19106,stress
19096,stress
19079,stress
19077,stress
19083,stress
19083,stress
19082,stress
19084,stress
19086,stress
19086,stress
19090,stress
19089,stress
19085,stress
19084,stress
19096,stress
19106,stress
19110,stress
19100,stress
19083,stress
19069,stress
19059,stress
19044,stress
19034,stress
19031,stress
19032,stress
19027,stress
19006,stress
19006,stress
18996,stress
18990,stress
18982,stress
18977,stress
18982,stress
18982,stress
18961,stress
18932,stress
18909,stress
18895,stress
18895,stress
18888,stress
18890,stress
18893,stress
18891,stress
18859,stress
18821,stress
18791,stress
18769,stress
18769,stress
18756,stress
18749,stress
18740,stress
18716,stress
18697,stress
18700,stress
18699,stress
18685,stress
18673,stress
18682,stress
18690,stress
18681,stress
18667,stress
18667,stress
18653,stress
18638,stress
18631,stress
18632,stress
18640,stress
18640,stress
18636,stress
18640,stress
18652,stress
18660,stress
18660,stress
18678,stress
18683,stress
18679,stress
18677,stress
18679,stress
18685,stress
18691,stress
18702,stress
18712,stress
18710,stress
18711,stress
18710,stress
18716,stress
18726,stress
18766,stress
18778,stress
18783,stress
18788,stress
18788,stress
18798,stress
18812,stress
18834,stress
18848,stress
18851,stress
18846,stress
18843,stress
18847,stress
18856,stress
18859,stress
18873,stress
18877,stress
18880,stress
18886,stress
18900,stress
18900,stress
18920,stress
18935,stress
18937,stress
18939,stress
18947,stress
18961,stress
18967,stress
18972,stress
18982,stress
18989,stress
18988,stress
18987,stress
18986,stress
18989,stress
18995,stress
19002,stress
19004,stress
19001,stress
18992,stress
18987,stress
18986,stress
18992,stress
18999,stress
19011,stress
19014,stress
19013,stress
19015,stress
19018,stress
19026,stress
19026,stress
19034,stress
19040,stress
19045,stress
19044,stress
19041,stress
19040,stress
19039,stress
19040,stress
19049,stress
19063,stress
19068,stress
19065,stress
19065,stress
19063,stress
19069,stress
19072,stress
19080,stress
19087,stress
19091,stress
19088,stress
19085,stress
19084,stress
19083,stress
19081,stress
19084,stress
19091,stress
19091,stress
19081,stress
19069,stress
19059,stress
19048,stress
19039,stress
19049,stress
19057,stress
19055,stress
19044,stress
19029,stress
19029,stress
19000,stress
18989,stress
18991,stress
18988,stress
18966,stress
18941,stress
18917,stress
18917,stress
18895,stress
18875,stress
18860,stress
18827,stress
18827,stress
18804,stress
18788,stress
18782,stress
18779,stress
18776,stress
18768,stress
18759,stress
18759,stress
18762,stress
18774,stress
18789,stress
18795,stress
18787,stress
18784,stress
18784,stress
18790,stress
18798,stress
18810,stress
18814,stress
18820,stress
18819,stress
18818,stress
18822,stress
18837,stress
18856,stress
18856,stress
18864,stress
18878,stress
18889,stress
18903,stress
18914,stress
18925,stress
18929,stress
18924,stress
18915,stress
18909,stress
18910,stress
18918,stress
18922,stress
18923,stress
18928,stress
18938,stress
18955,stress
18955,stress
18971,stress
18964,stress
18955,stress
18949,stress
18945,stress
18946,stress
18948,stress
18945,stress
18945,stress
18925,stress
18909,stress
18902,stress
18907,stress
18921,stress
18923,stress
18917,stress
18914,stress
18908,stress
18905,stress
18906,stress
18903,stress
18880,stress
18860,stress
18849,stress
18843,stress
18838,stress
18835,stress
18834,stress
18807,stress
18783,stress
18772,stress
18764,stress
18758,stress
18743,stress
18712,stress
18711,stress
18705,stress
18699,stress
18699,stress
18696,stress
18679,stress
18659,stress
18645,stress
18636,stress
18626,stress
18632,stress
18624,stress
18596,stress
18596,stress
18583,stress
18572,stress
18565,stress
18566,stress
18549,stress
18536,stress
18526,stress
18537,stress
18542,stress
18519,stress
18497,stress
18484,stress
18477,stress
18477,stress
18476,stress
18476,stress
18441,stress
18419,stress
18406,stress
18390,stress
18383,stress
18376,stress
18375,stress
18349,stress
18324,stress
18310,stress
18304,stress
18304,stress
18301,stress
18280,stress
18264,stress
18264,stress
18259,stress
18264,stress
18263,stress
18262,stress
18261,stress
18249,stress
18245,stress
18248,stress
18256,stress
18256,stress
18259,stress
18259,stress
18244,stress
18231,stress
18219,stress
18209,stress
18210,stress
18200,stress
18182,stress
18174,stress
18177,stress
18188,stress
18207,stress
18230,stress
18243,stress
18241,stress
18240,stress
18242,stress
18246,stress
18250,stress
18249,stress
18271,stress
18274,stress
18274,stress
18280,stress
18296,stress
18314,stress
18336,stress
18353,stress
18353,stress
18362,stress
18350,stress
18349,stress
18343,stress
18340,stress
18350,stress
18349,stress
18364,stress
18374,stress
18370,stress
18367,stress
18364,stress
18362,stress
18375,stress
18400,stress
18416,stress
18414,stress
18386,stress
18338,stress
18338,stress
18305,stress
18282,stress
18271,stress
18272,stress
18277,stress
18288,stress
18294,stress
18283,stress
18276,stress
18277,stress
18284,stress
18297,stress
18314,stress
18335,stress
18360,stress
18364,stress
18358,stress
18354,stress
18356,stress
18363,stress
18362,stress
18380,stress
18404,stress
18423,stress
18419,stress
18399,stress
18389,stress
18387,stress
18387,stress
18399,stress
18413,stress
18434,stress
18448,stress
18432,stress
18415,stress
18409,stress
18404,stress
18405,stress
18407,stress
18411,stress
18411,stress
18390,stress
18361,stress
18341,stress
18340,stress
18340,stress
18356,stress
18379,stress
18400,stress
18409,stress
18395,stress
18377,stress
18363,stress
18358,stress
18354,stress
18351,stress
18353,stress
18357,stress
18366,stress
18368,stress
18351,stress
18332,stress
18331,stress
18330,stress
18332,stress
18332,stress
18345,stress
18364,stress
18387,stress
18388,stress
18374,stress
18366,stress
18362,stress
18361,stress
18368,stress
18376,stress
18382,stress
18391,stress
18404,stress
18398,stress
18383,stress
18373,stress
18369,stress
18376,stress
18389,stress
18411,stress
18435,stress
18435,stress
18439,stress
18430,stress
18430,stress
18426,stress
18427,stress
18427,stress
18439,stress
18454,stress
18471,stress
18471,stress
18463,stress
18460,stress
18469,stress
18483,stress
18503,stress
18521,stress
18540,stress
18551,stress
18538,stress
18519,stress
18506,stress
18495,stress
18488,stress
18480,stress
18480,stress
18481,stress
18470,stress
18463,stress
18466,stress
18471,stress
18475,stress
18475,stress
18470,stress
18475,stress
18450,stress
18450,stress
18409,stress
18381,stress
18380,stress
18389,stress
18403,stress
18431,stress
18452,stress
18456,stress
18457,stress
18464,stress
18463,stress
18486,stress
18508,stress
18526,stress
18534,stress
18530,stress
18529,stress
18540,stress
18559,stress
18559,stress
18582,stress
18597,stress
18602,stress
18608,stress
18618,stress
18630,stress
18634,stress
18653,stress
18653,stress
18684,stress
18708,stress
18724,stress
18742,stress
18742,stress
18763,stress
18791,stress
18809,stress
18805,stress
18793,stress
18791,stress
18789,stress
18790,stress
18792,stress
18799,stress
18794,stress
18786,stress
18777,stress
18771,stress
18768,stress
18768,stress
18771,stress
18781,stress
18785,stress
18787,stress
18791,stress
18802,stress
18819,stress
18836,stress
18851,stress
18851,stress
18852,stress
18852,stress
18852,stress
18850,stress
18846,stress
18837,stress
18819,stress
18802,stress
18786,stress
18774,stress
18768,stress
18763,stress
18758,stress
18754,stress
18737,stress
18737,stress
18717,stress
18706,stress
18695,stress
18684,stress
18683,stress
18659,stress
18630,stress
18630,stress
18610,stress
18595,stress
18586,stress
18580,stress
18567,stress
18535,stress
18535,stress
18513,stress
18498,stress
18476,stress
18464,stress
18465,stress
18444,stress
18444,stress
18416,stress
18395,stress
18380,stress
18371,stress
18368,stress
18363,stress
18335,stress
18335,stress
18303,stress
18285,stress
18271,stress
18263,stress
18258,stress
18245,stress
18244,stress
18217,stress
18190,stress
18162,stress
18144,stress
18137,stress
18140,stress
18133,stress
18132,stress
18123,stress
18128,stress
18128,stress
18147,stress
18168,stress
18190,stress
18210,stress
18200,stress
18208,stress
18224,stress
18239,stress
18243,stress
18243,stress
18251,stress
18234,stress
18233,stress
18231,stress
18232,stress
18235,stress
18234,stress
18255,stress
18270,stress
18270,stress
18279,stress
18305,stress
18329,stress
18329,stress
18357,stress
18396,stress
18423,stress
18439,stress
18447,stress
18447,stress
18458,stress
18471,stress
18489,stress
18516,stress
18544,stress
18550,stress
18548,stress
18549,stress
18551,stress
18551,stress
18555,stress
18555,stress
18582,stress
18600,stress
18606,stress
18613,stress
18625,stress
18642,stress
18663,stress
18663,stress
18692,stress
18707,stress
18719,stress
18725,stress
18735,stress
18751,stress
18751,stress
18772,stress
18787,stress
18789,stress
18785,stress
18784,stress
18781,stress
18779,stress
18783,stress
18797,stress
18809,stress
18813,stress
18808,stress
18802,stress
18801,stress
18808,stress
18809,stress
18809,stress
18806,stress
18800,stress
18784,stress
18769,stress
18765,stress
18763,stress
18761,stress
18763,stress
18766,stress
18763,stress
18755,stress
18753,stress
18750,stress
18748,stress
18746,stress
18747,stress
18748,stress
18744,stress
18730,stress
18730,stress
18730,stress
18734,stress
18737,stress
18742,stress
18745,stress
18739,stress
18736,stress
18734,stress
18733,stress
18734,stress
18736,stress
18741,stress
18727,stress
18727,stress
18716,stress
18711,stress
18711,stress
18716,stress
18723,stress
18715,stress
18705,stress
18700,stress
18698,stress
18697,stress
18701,stress
18709,stress
18718,stress
18706,stress
18702,stress
18701,stress
18710,stress
18725,stress
18725,stress
18741,stress
18742,stress
18733,stress
18724,stress
18721,stress
18721,stress
18716,stress
18717,stress
18716,stress
18701,stress
18691,stress
18693,stress
18697,stress
18701,stress
18704,stress
18709,stress
18704,stress
18702,stress
18697,stress
18695,stress
18689,stress
18687,stress
18683,stress
18683,stress
18675,stress
18662,stress
18652,stress
18645,stress
18646,stress
18657,stress
18670,stress
18677,stress
18672,stress
18670,stress
18660,stress
18649,stress
18638,stress
18636,stress
18631,stress
18622,stress
18622,stress
18617,stress
18626,stress
18626,stress
18638,stress
18655,stress
18665,stress
18654,stress
18640,stress
18632,stress
18630,stress
18635,stress
18642,stress
18654,stress
18666,stress
18672,stress
18667,stress
18661,stress
18661,stress
18661,stress
18669,stress
18677,stress
18684,stress
18683,stress
18679,stress
18682,stress
18685,stress
18689,stress
18693,stress
18700,stress
18705,stress
18696,stress
18673,stress
18648,stress
18648,stress
18625,stress
18604,stress
18587,stress
18573,stress
18572,stress
18554,stress
18543,stress
18535,stress
18534,stress
18541,stress
18541,stress
18535,stress
18532,stress
18535,stress
18536,stress
18545,stress
18551,stress
18563,stress
18562,stress
18563,stress
18559,stress
18561,stress
18565,stress
18573,stress
18583,stress
18602,stress
18617,stress
18626,stress
18634,stress
18649,stress
18665,stress
18665,stress
18685,stress
18708,stress
18731,stress
18744,stress
18755,stress
18762,stress
18770,stress
18778,stress
18778,stress
18795,stress
18810,stress
18816,stress
18819,stress
18824,stress
18830,stress
18840,stress
18854,stress
18870,stress
18879,stress
18881,stress
18880,stress
18877,stress
18872,stress
18872,stress
18878,stress
18885,stress
18885,stress
18885,stress
18885,stress
18878,stress
18876,stress
18878,stress
18879,stress
18886,stress
18886,stress
18894,stress
18890,stress
18877,stress
18877,stress
18866,stress
18860,stress
18861,stress
18868,stress
18874,stress
18869,stress
18868,stress
18864,stress
18863,stress
18870,stress
18874,stress
18874,stress
18886,stress
18893,stress
18891,stress
18890,stress
18890,stress
18896,stress
18907,stress
18919,stress
18936,stress
18954,stress
18953,stress
18949,stress
18938,stress
18934,stress
18939,stress
18946,stress
18950,stress
18956,stress
18964,stress
18966,stress
18966,stress
18968,stress
18969,stress
18972,stress
18976,stress
18988,stress
19001,stress
19010,stress
19015,stress
19015,stress
19019,stress
19025,stress
19038,stress
19049,stress
19061,stress
19076,stress
19085,stress
19086,stress
19087,stress
19094,stress
19097,stress
19103,stress
19109,stress
19110,stress
19101,stress
19093,stress
19085,stress
19076,stress
19075,stress
19075,stress
19078,stress
19078,stress
19072,stress
19057,stress
19044,stress
19033,stress
19030,stress
19028,stress
19030,stress
19036,stress
19042,stress
19038,stress
19029,stress
19021,stress
19009,stress
18997,stress
18996,stress
18997,stress
19001,stress
19001,stress
18996,stress
18992,stress
18987,stress
18984,stress
18986,stress
18990,stress
18987,stress
18976,stress
18958,stress
18941,stress
18928,stress
18924,stress
18920,stress
18922,stress
18921,stress
18906,stress
18892,stress
18885,stress
18885,stress
18882,stress
18884,stress
18884,stress
18884,stress
18867,stress
18851,stress
18836,stress
18824,stress
18813,stress
18813,stress
18806,stress
18791,stress
18778,stress
18771,stress
18769,stress
18771,stress
18776,stress
18788,stress
18786,stress
18775,stress
18762,stress
18754,stress
18754,stress
18749,stress
18750,stress
18744,stress
18730,stress
18713,stress
18701,stress
18691,stress
18689,stress
18690,stress
18700,stress
18699,stress
18691,stress
18681,stress
18673,stress
18666,stress
18665,stress
18667,stress
18662,stress
18641,stress
18641,stress
18621,stress
18597,stress
18582,stress
18569,stress
18562,stress
18539,stress
18539,stress
18505,stress
18476,stress
18474,stress
18477,stress
18489,stress
18489,stress
18488,stress
18498,stress
18515,stress
18532,stress
18549,stress
18549,stress
18563,stress
18561,stress
18553,stress
18549,stress
18545,stress
18550,stress
18560,stress
18570,stress
18568,stress
18567,stress
18570,stress
18572,stress
18576,stress
18575,stress
18577,stress
18588,stress
18597,stress
18607,stress
18615,stress
18626,stress
18639,stress
18639,stress
18653,stress
18665,stress
18675,stress
18685,stress
18696,stress
18704,stress
18723,stress
18741,stress
18759,stress
18759,stress
18776,stress
18793,stress
18810,stress
18829,stress
18841,stress
18847,stress
18856,stress
18867,stress
18867,stress
18882,stress
18900,stress
18915,stress
18918,stress
18920,stress
18925,stress
18928,stress
18930,stress
18935,stress
18938,stress
18932,stress
18931,stress
18934,stress
18940,stress
18943,stress
18951,stress
18956,stress
18953,stress
18949,stress
18944,stress
18937,stress
18937,stress
18933,stress
18928,stress
18912,stress
18893,stress
18878,stress
18878,stress
18870,stress
18866,stress
18864,stress
18846,stress
18823,stress
18799,stress
18782,stress
18770,stress
18760,stress
18760,stress
18729,stress
18693,stress
18662,stress
18662,stress
18641,stress
18624,stress
18612,stress
18582,stress
18542,stress
18541,stress
18502,stress
18460,stress
18460,stress
18424,stress
18379,stress
18378,stress
18339,stress
18314,stress
18294,stress
18284,stress
18284,stress
18276,stress
18276,stress
18250,stress
18236,stress
18227,stress
18229,stress
18233,stress
18221,stress
18192,stress
18192,stress
18173,stress
18170,stress
18167,stress
18165,stress
18153,stress
18136,stress
18125,stress
18123,stress
18124,stress
18133,stress
18148,stress
18165,stress
18170,stress
18168,stress
18159,stress
18149,stress
18146,stress
18152,stress
18164,stress
18176,stress
18174,stress
18165,stress
18159,stress
18160,stress
18162,stress
18169,stress
18168,stress
18173,stress
18167,stress
18167,stress
18166,stress
18175,stress
18188,stress
18205,stress
18222,stress
18225,stress
18215,stress
18202,stress
18193,stress
18188,stress
18188,stress
18200,stress
18215,stress
18218,stress
18225,stress
18235,stress
18243,stress
18254,stress
18271,stress
18271,stress
18288,stress
18289,stress
18291,stress
18301,stress
18310,stress
18321,stress
18339,stress
18357,stress
18368,stress
18370,stress
18368,stress
18372,stress
18378,stress
18378,stress
18387,stress
18392,stress
18389,stress
18386,stress
18384,stress
18391,stress
18398,stress
18406,stress
18418,stress
18428,stress
18427,stress
18427,stress
18430,stress
18442,stress
18447,stress
18456,stress
18464,stress
18464,stress
18463,stress
18462,stress
18466,stress
18472,stress
18479,stress
18486,stress
18489,stress
18489,stress
18491,stress
18495,stress
18495,stress
18497,stress
18495,stress
18495,stress
18479,stress
18471,stress
18463,stress
18457,stress
18457,stress
18447,stress
18430,stress
18416,stress
18405,stress
18405,stress
18406,stress
18413,stress
18411,stress
18409,stress
18406,stress
18407,stress
18408,stress
18408,stress
18410,stress
18410,stress
18397,stress
18389,stress
18379,stress
18374,stress
18368,stress
18372,stress
18378,stress
18375,stress
18369,stress
18363,stress
18362,stress
18368,stress
18378,stress
18386,stress
18395,stress
18397,stress
18391,stress
18379,stress
18365,stress
18353,stress
18348,stress
18348,stress
18345,stress
18344,stress
18338,stress
18326,stress
18319,stress
18318,stress
18318,stress
18323,stress
18323,stress
18320,stress
18319,stress
18317,stress
18298,stress
18283,stress
18273,stress
18267,stress
18259,stress
18253,stress
18250,stress
18243,stress
18242,stress
18240,stress
18228,stress
18216,stress
18215,stress
18205,stress
18194,stress
18184,stress
18177,stress
18173,stress
18165,stress
18153,stress
18122,stress
18097,stress
18096,stress
18068,stress
18050,stress
18039,stress
18034,stress
18033,stress
18026,stress
18013,stress
18012,stress
17971,stress
17935,stress
17906,stress
17905,stress
17893,stress
17886,stress
17882,stress
17875,stress
17857,stress
17832,stress
17809,stress
17788,stress
17788,stress
17779,stress
17774,stress
17776,stress
17786,stress
17785,stress
17789,stress
17782,stress
17782,stress
17779,stress
17776,stress
17776,stress
17778,stress
17780,stress
17782,stress
17784,stress
17784,stress
17782,stress
17782,stress
17777,stress
17781,stress
17780,stress
17797,stress
17845,stress
17862,stress
17881,stress
17881,stress
17886,stress
17881,stress
17880,stress
17874,stress
17872,stress
17868,stress
17870,stress
17870,stress
17881,stress
17896,stress
17915,stress
17924,stress
17914,stress
17898,stress
17876,stress
17876,stress
17865,stress
17853,stress
17846,stress
17844,stress
17837,stress
17828,stress
17816,stress
17805,stress
17798,stress
17802,stress
17808,stress
17813,stress
17820,stress
17817,stress
17797,stress
17780,stress
17773,stress
17774,stress
17772,stress
17775,stress
17774,stress
17765,stress
17753,stress
17738,stress
17737,stress
17740,stress
17739,stress
17748,stress
17752,stress
17756,stress
17737,stress
17737,stress
17717,stress
17695,stress
17677,stress
17665,stress
17662,stress
17664,stress
17669,stress
17661,stress
17654,stress
17650,stress
17641,stress
17631,stress
17616,stress
17616,stress
17612,stress
17607,stress
17592,stress
17584,stress
17576,stress
17570,stress
17561,stress
17553,stress
17547,stress
17543,stress
17543,stress
17535,stress
17525,stress
17514,stress
17501,stress
17503,stress
17505,stress
17516,stress
17531,stress
17548,stress
17567,stress
17577,stress
17574,stress
17562,stress
17550,stress
17540,stress
17532,stress
17530,stress
17530,stress
17532,stress
17538,stress
17545,stress
17549,stress
17552,stress
17554,stress
17576,stress
17588,stress
17588,stress
17614,stress
17643,stress
17671,stress
17689,stress
17697,stress
17704,stress
17706,stress
17706,stress
17719,stress
17731,stress
17740,stress
17745,stress
17753,stress
17764,stress
17766,stress
17768,stress
17772,stress
17785,stress
17798,stress
17812,stress
17811,stress
17821,stress
17829,stress
17830,stress
17825,stress
17818,stress
17809,stress
17809,stress
17796,stress
17788,stress
17784,stress
17782,stress
17783,stress
17784,stress
17792,stress
17796,stress
17786,stress
17776,stress
17765,stress
17753,stress
17745,stress
17742,stress
17741,stress
17743,stress
17748,stress
17752,stress
17750,stress
17742,stress
17740,stress
17741,stress
17745,stress
17755,stress
17766,stress
17780,stress
17783,stress
17777,stress
17771,stress
17768,stress
17768,stress
17774,stress
17783,stress
17783,stress
17782,stress
17817,stress
17820,stress
17812,stress
17806,stress
17798,stress
17789,stress
17791,stress
17801,stress
17805,stress
17791,stress
17778,stress
17778,stress
17759,stress
17740,stress
17725,stress
17715,stress
17709,stress
17696,stress
17667,stress
17667,stress
17643,stress
17620,stress
17608,stress
17598,stress
17590,stress
17574,stress
17574,stress
17533,stress
17508,stress
17494,stress
17487,stress
17486,stress
17492,stress
17501,stress
17510,stress
17498,stress
17481,stress
17465,stress
17457,stress
17457,stress
17453,stress
17453,stress
17460,stress
17470,stress
17466,stress
17465,stress
17451,stress
17449,stress
17455,stress
17454,stress
17479,stress
17493,stress
17512,stress
17502,stress
17491,stress
17484,stress
17492,stress
17512,stress
17525,stress
17545,stress
17545,stress
17558,stress
17565,stress
17572,stress
17579,stress
17585,stress
17595,stress
17600,stress
17610,stress
17620,stress
17624,stress
17628,stress
17634,stress
17646,stress
17660,stress
17660,stress
17684,stress
17708,stress
17729,stress
17738,stress
17746,stress
17756,stress
17764,stress
17778,stress
17778,stress
17795,stress
17815,stress
17836,stress
17849,stress
17856,stress
17862,stress
17871,stress
17877,stress
17877,stress
17894,stress
17913,stress
17926,stress
17937,stress
17944,stress
17948,stress
17948,stress
17946,stress
17958,stress
17976,stress
17991,stress
18003,stress
18003,stress
18003,stress
18003,stress
18015,stress
18034,stress
18048,stress
18063,stress
18073,stress
18078,stress
18073,stress
18065,stress
18068,stress
18072,stress
18069,stress
18078,stress
18096,stress
18102,stress
18096,stress
18098,stress
18109,stress
18109,stress
18121,stress
18133,stress
18150,stress
18152,stress
18167,stress
18172,stress
18178,stress
18183,stress
18193,stress
18202,stress
18227,stress
18237,stress
18237,stress
18249,stress
18254,stress
18255,stress
18258,stress
18265,stress
18274,stress
18266,stress
18254,stress
18242,stress
18246,stress
18255,stress
18267,stress
18285,stress
18282,stress
18262,stress
18243,stress
18233,stress
18228,stress
18228,stress
18230,stress
18230,stress
18230,stress
18220,stress
18206,stress
18191,stress
18177,stress
18164,stress
18153,stress
18144,stress
18141,stress
18123,stress
18123,stress
18097,stress
18080,stress
18072,stress
18070,stress
18070,stress
18070,stress
18062,stress
18031,stress
17998,stress
17998,stress
17974,stress
17952,stress
17931,stress
17923,stress
17918,stress
17918,stress
17885,stress
17852,stress
17827,stress
17812,stress
17807,stress
17815,stress
17828,stress
17838,stress
17835,stress
17802,stress
17802,stress
17751,stress
17715,stress
17714,stress
17697,stress
17684,stress
17682,stress
17685,stress
17689,stress
17668,stress
17631,stress
17630,stress
17588,stress
17554,stress
17532,stress
17519,stress
17519,stress
17523,stress
17513,stress
17512,stress
17484,stress
17459,stress
17451,stress
17449,stress
17450,stress
17450,stress
17459,stress
17461,stress
17442,stress
17411,stress
17411,stress
17405,stress
17411,stress
17421,stress
17421,stress
17437,stress
17463,stress
17488,stress
17490,stress
17477,stress
17463,stress
17456,stress
17446,stress
17433,stress
17430,stress
17435,stress
17449,stress
17438,stress
17417,stress
17416,stress
17412,stress
17411,stress
17422,stress
17438,stress
17454,stress
17472,stress
17492,stress
17485,stress
17470,stress
17456,stress
17455,stress
17462,stress
17471,stress
17486,stress
17510,stress
17509,stress
17535,stress
17556,stress
17560,stress
17549,stress
17531,stress
17517,stress
17494,stress
17500,stress
17516,stress
17532,stress
17546,stress
17547,stress
17544,stress
17538,stress
17542,stress
17550,stress
17563,stress
17579,stress
17596,stress
17595,stress
17614,stress
17621,stress
17616,stress
17616,stress
17622,stress
17631,stress
17648,stress
17665,stress
17683,stress
17703,stress
17703,stress
17714,stress
17724,stress
17721,stress
17716,stress
17705,stress
17705,stress
17693,stress
17692,stress
17697,stress
17697,stress
17715,stress
17733,stress
17742,stress
17744,stress
17747,stress
17753,stress
17760,stress
17768,stress
17781,stress
17795,stress
17808,stress
17808,stress
17816,stress
17817,stress
17810,stress
17806,stress
17808,stress
17813,stress
17825,stress
17839,stress
17854,stress
17868,stress
17884,stress
17896,stress
17898,stress
17892,stress
17883,stress
17884,stress
17886,stress
17894,stress
17894,stress
17910,stress
17929,stress
17947,stress
17964,stress
17972,stress
17976,stress
17974,stress
17979,stress
17988,stress
17996,stress
18007,stress
18018,stress
18018,stress
18038,stress
18049,stress
18058,stress
18069,stress
18076,stress
18084,stress
18094,stress
18103,stress
18114,stress
18128,stress
18128,stress
18145,stress
18164,stress
18175,stress
18185,stress
18191,stress
18196,stress
18196,stress
18201,stress
18208,stress
18222,stress
18237,stress
18237,stress
18238,stress
18232,stress
18227,stress
18229,stress
18234,stress
18243,stress
18254,stress
18261,stress
18273,stress
18280,stress
18284,stress
18280,stress
18276,stress
18271,stress
18270,stress
18273,stress
18278,stress
18284,stress
18296,stress
18309,stress
18326,stress
18332,stress
18329,stress
18315,stress
18307,stress
18296,stress
18292,stress
18289,stress
18290,stress
18289,stress
18293,stress
18296,stress
18294,stress
18281,stress
18266,stress
18250,stress
18240,stress
18233,stress
18227,stress
18229,stress
18235,stress
18239,stress
18239,stress
18227,stress
18219,stress
18209,stress
18202,stress
18199,stress
18200,stress
18203,stress
18207,stress
18215,stress
18220,stress
18217,stress
18208,stress
18197,stress
18193,stress
18193,stress
18195,stress
18195,stress
18202,stress
18211,stress
18223,stress
18237,stress
18244,stress
18238,stress
18232,stress
18220,stress
18214,stress
18208,stress
18208,stress
18207,stress
18210,stress
18216,stress
18217,stress
18209,stress
18201,stress
18192,stress
18187,stress
18185,stress
18187,stress
18189,stress
18195,stress
18198,stress
18208,stress
18214,stress
18213,stress
18203,stress
18192,stress
18182,stress
18177,stress
18177,stress
18177,stress
18181,stress
18189,stress
18203,stress
18215,stress
18212,stress
18199,stress
18178,stress
18178,stress
18163,stress
18150,stress
18145,stress
18142,stress
18141,stress
18142,stress
18133,stress
18117,stress
18105,stress
18092,stress
18087,stress
18083,stress
18086,stress
18089,stress
18095,stress
18093,stress
18093,stress
18078,stress
18065,stress
18061,stress
18062,stress
18067,stress
18071,stress
18080,stress
18076,stress
18061,stress
18038,stress
18019,stress
18005,stress
17996,stress
17992,stress
17994,stress
18002,stress
18008,stress
18005,stress
17988,stress
17972,stress
17972,stress
17967,stress
17965,stress
17971,stress
17977,stress
17977,stress
17988,stress
17995,stress
17986,stress
17986,stress
17973,stress
17971,stress
17971,stress
17975,stress
17986,stress
17986,stress
18001,stress
18015,stress
18034,stress
18035,stress
18025,stress
18012,stress
18005,stress
18005,stress
18007,stress
18014,stress
18029,stress
18045,stress
18061,stress
18080,stress
18092,stress
18089,stress
18084,stress
18078,stress
18078,stress
18082,stress
18086,stress
18086,stress
18099,stress
18115,stress
18130,stress
18141,stress
18145,stress
18152,stress
18157,stress
18167,stress
18179,stress
18193,stress
18205,stress
18205,stress
18219,stress
18234,stress
18247,stress
18250,stress
18247,stress
18246,stress
18248,stress
18249,stress
18254,stress
18266,stress
18280,stress
18296,stress
18313,stress
18313,stress
18321,stress
18325,stress
18327,stress
18332,stress
18336,stress
18341,stress
18348,stress
18359,stress
18370,stress
18384,stress
18394,stress
18404,stress
18406,stress
18405,stress
18406,stress
18405,stress
18411,stress
18417,stress
18421,stress
18431,stress
18440,stress
18448,stress
18450,stress
18448,stress
18442,stress
18436,stress
18429,stress
18429,stress
18429,stress
18434,stress
18436,stress
18445,stress
18455,stress
18455,stress
18452,stress
18452,stress
18444,stress
18440,stress
18435,stress
18435,stress
18438,stress
18443,stress
18448,stress
18456,stress
18456,stress
18461,stress
18461,stress
18453,stress
18446,stress
18446,stress
18441,stress
18435,stress
18435,stress
18433,stress
18431,stress
18436,stress
18438,stress
18448,stress
18455,stress
18455,stress
18451,stress
18443,stress
18436,stress
18432,stress
18421,stress
18416,stress
18419,stress
18428,stress
18441,stress
18459,stress
18459,stress
18474,stress
18480,stress
18473,stress
18470,stress
18468,stress
18468,stress
18469,stress
18472,stress
18477,stress
18484,stress
18488,stress
18484,stress
18467,stress
18450,stress
18450,stress
18442,stress
18442,stress
18442,stress
18446,stress
18458,stress
18458,stress
18475,stress
18485,stress
18485,stress
18472,stress
18456,stress
18456,stress
18444,stress
18440,stress
18439,stress
18452,stress
18461,stress
18459,stress
18451,stress
18443,stress
18439,stress
18440,stress
18440,stress
18443,stress
18449,stress
18456,stress
18457,stress
18444,stress
18434,stress
18433,stress
18440,stress
18451,stress
18457,stress
18462,stress
18468,stress
18468,stress
18468,stress
18462,stress
18453,stress
18450,stress
18446,stress
18441,stress
18439,stress
18445,stress
18447,stress
18443,stress
18429,stress
18423,stress
18422,stress
18425,stress
18429,stress
18435,stress
18444,stress
18452,stress
18462,stress
18473,stress
18473,stress
18474,stress
18472,stress
18472,stress
18469,stress
18469,stress
18469,stress
18472,stress
18478,stress
18478,stress
18485,stress
18488,stress
18483,stress
18476,stress
18470,stress
18468,stress
18472,stress
18478,stress
18493,stress
18508,stress
18518,stress
18525,stress
18534,stress
18538,stress
18540,stress
18539,stress
18540,stress
18542,stress
18549,stress
18564,stress
18586,stress
18586,stress
18605,stress
18623,stress
18640,stress
18660,stress
18666,stress
18665,stress
18659,stress
18654,stress
18649,stress
18650,stress
18655,stress
18663,stress
18671,stress
18686,stress
18699,stress
18699,stress
18713,stress
18718,stress
18717,stress
18708,stress
18700,stress
18690,stress
18684,stress
18683,stress
18683,stress
18683,stress
18694,stress
18705,stress
18717,stress
18727,stress
18737,stress
18736,stress
18728,stress
18716,stress
18707,stress
18696,stress
18684,stress
18684,stress
18673,stress
18663,stress
18661,stress
18668,stress
18659,stress
18642,stress
18622,stress
18607,stress
18600,stress
18596,stress
18596,stress
18605,stress
18621,stress
18637,stress
18653,stress
18665,stress
18659,stress
18639,stress
18629,stress
18624,stress
18616,stress
18611,stress
18606,stress
18610,stress
18618,stress
18623,stress
18618,stress
18604,stress
18589,stress
18585,stress
18590,stress
18577,stress
18591,stress
18604,stress
18603,stress
18612,stress
18632,stress
18639,stress
18630,stress
18623,stress
18623,stress
18624,stress
18638,stress
18659,stress
18675,stress
18691,stress
18703,stress
18701,stress
18695,stress
18685,stress
18680,stress
18675,stress
18672,stress
18677,stress
18682,stress
